post_id,date,title,audience,word_count,comments,likes,url,authors
18135875,2020-11-13 15:55:55,Welcome to Slow Boring ,free,2988,243,149,https://www.slowboring.com/p/welcome-to-slow-boring,Matthew Yglesias
18177334,2020-11-18 11:00:53,Joe Biden's Cabinet isn't what matters,free,3168,153,67,https://www.slowboring.com/p/joe-bidens-cabinet-isnt-what-matters,Matthew Yglesias
18503568,2020-11-24 11:00:18,Low interest rates are a curse — we need massive fiscal imprudence,free,2661,107,54,https://www.slowboring.com/p/low-interest-rates-are-a-curse-we,Matthew Yglesias
18586396,2020-11-16 11:00:43,Make Blue America Great Again,free,2654,332,176,https://www.slowboring.com/p/make-blue-america-great-again,Matthew Yglesias
18642680,2020-11-17 11:09:52,"Minimum wage wins, affirmative action loses",free,1963,229,140,https://www.slowboring.com/p/minimum-wage-wins-affirmative-action,Matthew Yglesias
18763957,2020-11-19 11:00:33,What's wrong with the media ,free,2697,309,158,https://www.slowboring.com/p/whats-wrong-with-the-media,Matthew Yglesias
18980244,2020-11-20 11:00:10,Some optimism about America's Covid response,free,1850,143,77,https://www.slowboring.com/p/some-optimism-about-americas-covid,Matthew Yglesias
19229056,2020-12-02 11:00:36,"The ""racial wealth gap"" is a class gap",free,1741,199,100,https://www.slowboring.com/p/the-racial-wealth-gap-is-a-class,Matthew Yglesias
19286343,2021-01-05 11:00:14,Republicans' unhinged moderation,free,2367,330,142,https://www.slowboring.com/p/unhinged-moderation,Matthew Yglesias
19335206,2020-11-23 11:00:59,Janet Yellen's mistake ,free,2885,124,77,https://www.slowboring.com/p/janet-yellens-mistake,Matthew Yglesias
19639907,2020-11-25 11:00:52,National Democrats' misguided re-embrace of gun control,free,3174,405,146,https://www.slowboring.com/p/national-democrats-misguided-re-embrace,Matthew Yglesias
19674370,2020-11-24 12:58:28,Electoral politics on an unfair playing field,free,2542,84,35,https://www.slowboring.com/p/electoral-politics-on-an-unfair-playing,Aaron Strauss
20151892,2020-11-26 11:58:23,Giving thanks ,free,628,81,67,https://www.slowboring.com/p/giving-thanks,Matthew Yglesias
20181001,2020-12-01 11:00:52,Climate change is really hard ,paid,2776,282,133,https://www.slowboring.com/p/climate-change-is-really-hard,Matthew Yglesias
20385917,2020-11-30 11:00:15,America could use more marijuana activism,free,1815,91,40,https://www.slowboring.com/p/america-could-use-more-marijuana,Matthew Yglesias
20388649,2020-11-27 12:07:07,PREWRITE DO NOT PUBLISH: It happened again,free,2061,141,43,https://www.slowboring.com/p/prewrite-do-not-publish-it-happened,Matthew Yglesias
21025509,2020-11-30 15:40:38,I'm a senior fellow at the Niskanen Center ,free,433,48,48,https://www.slowboring.com/p/im-a-senior-fellow-at-the-niskanen,Matthew Yglesias
21255649,2020-12-03 12:00:46,The road not traveled,free,3104,158,81,https://www.slowboring.com/p/the-road-not-traveled,Matthew Yglesias
21384896,2020-12-07 11:00:54,"Defund police is a bad idea, not a bad slogan",free,3236,268,158,https://www.slowboring.com/p/defund-police-is-a-bad-idea-not-a,Matthew Yglesias
21496045,2020-12-04 11:00:57,The case for canceling a lot of student debt,free,1795,319,63,https://www.slowboring.com/p/the-case-for-canceling-a-lot-of-student,Matthew Yglesias
21782308,2020-12-15 11:00:08,Joe Rogan and the doomed politics of shunning,free,2204,400,157,https://www.slowboring.com/p/joe-rogan-and-the-doomed-politics,Matthew Yglesias
22022458,2020-12-08 11:00:59,Fixing the mass transit crisis,free,1463,93,40,https://www.slowboring.com/p/fixing-the-mass-transit-crisis,Matthew Yglesias
22223850,2020-12-10 11:00:58,America's amateur government,free,1959,120,73,https://www.slowboring.com/p/americas-amateur-government,Matthew Yglesias
22581912,2020-12-09 11:00:43,The masks and the experts ,free,2007,191,114,https://www.slowboring.com/p/the-masks-and-the-experts,Matthew Yglesias
24243372,2020-12-11 11:00:13,The real history of race and the New Deal,free,2844,91,71,https://www.slowboring.com/p/new-deal,Matthew Yglesias
24537925,2020-12-14 11:00:53,A better way to cure recessions,paid,2903,109,121,https://www.slowboring.com/p/helicopter-money,Matthew Yglesias
24870617,2020-12-16 11:00:50,"The case for not caring about Iran's ""regional influence"" ",paid,2437,187,228,https://www.slowboring.com/p/the-case-for-not-caring-about-irans,Matthew Yglesias
25273198,2020-12-17 11:00:41,Why Trump's Latino gains matter,paid,3068,310,192,https://www.slowboring.com/p/why-trumps-latino-gains-matter,Matthew Yglesias
25629950,2020-12-22 11:00:26,The real economic challenge in 2021,free,2178,135,54,https://www.slowboring.com/p/the-real-economic-challenge-in-2021,Matthew Yglesias
25631028,2020-12-16 01:06:36,17 theses on Pete Buttigieg and the Department of Transportation ,free,852,247,161,https://www.slowboring.com/p/pete-buttigieg-dot,Matthew Yglesias
25928163,2020-12-18 11:00:52,Give the vaccine to the elderly,free,2245,209,212,https://www.slowboring.com/p/vaccinate-elderly,Matthew Yglesias
26052510,2020-12-20 11:00:17,Fancy stations make quality mass transit harder,free,1479,151,176,https://www.slowboring.com/p/fancy-stations-make-quality-mass,Matthew Yglesias
26785599,2020-12-21 11:00:09,ACIP and the experts,paid,726,199,165,https://www.slowboring.com/p/acip-and-the-experts,Matthew Yglesias
27286020,2020-12-23 11:00:46,What to do to save local news,paid,3162,156,123,https://www.slowboring.com/p/local-news,Matthew Yglesias
27708677,2020-12-24 11:00:37,The welfare state is extremely good ,free,2538,212,120,https://www.slowboring.com/p/the-welfare-state-is-extremely-good,Matthew Yglesias
28179971,2020-12-28 11:00:53,How to be less full of shit ,free,1439,209,207,https://www.slowboring.com/p/predictions,Matthew Yglesias
29431751,2020-12-29 11:00:02,The CARES superdole was a huge success,free,2156,318,138,https://www.slowboring.com/p/the-cares-superdole-was-a-huge-success,Matthew Yglesias
29540230,2021-01-15 17:00:53,Universal health insurance is a winning fight worth having,free,2633,285,129,https://www.slowboring.com/p/universal-health-insurance-is-a-winning,Marc Novicoff
29852190,2020-12-30 11:00:41,New Yang City  ,paid,2666,184,111,https://www.slowboring.com/p/new-yang-city,Matthew Yglesias
29866749,2020-12-31 11:00:57,Culturally relevant pedagogy is good,free,2243,344,201,https://www.slowboring.com/p/pedagogy,Matthew Yglesias
30087879,2021-01-04 11:00:23,The truth about immigration and wages,paid,2399,222,123,https://www.slowboring.com/p/immigration-and-wages,Matthew Yglesias
30324466,2021-01-12 11:01:00,Small business is not the answer,free,2975,279,223,https://www.slowboring.com/p/small-business-is-not-the-answer,Matthew Yglesias
31019610,2021-01-06 11:10:15,Making policy for a low-trust world,free,2916,141,130,https://www.slowboring.com/p/making-policy-for-a-low-trust-world,Matthew Yglesias
31043012,2021-01-08 11:00:22,Public housing is not the answer,paid,3692,343,200,https://www.slowboring.com/p/public-housing-is-not-the-answer,Matthew Yglesias
31099143,2021-01-07 11:00:48,What Joe Manchin's Senate can deliver,paid,1829,247,123,https://www.slowboring.com/p/warnock-ossoff,Matthew Yglesias
31111321,2021-01-06 21:45:46,The MAGA mob and the imperative to win,free,1017,402,156,https://www.slowboring.com/p/maga-mob,Matthew Yglesias
31135140,2021-01-14 11:00:18,The confused debate on “big tech” and free speech ,paid,3262,317,150,https://www.slowboring.com/p/the-confused-debate-on-big-tech-and,Matthew Yglesias
31175374,2021-01-11 11:01:00,The system doesn't work,paid,2177,298,219,https://www.slowboring.com/p/the-system-doesnt-work,Matthew Yglesias
31205974,2021-01-19 11:00:57,What the inflation contrarians get right and how to fix it,paid,3088,271,162,https://www.slowboring.com/p/inflation-contrarians,Matthew Yglesias
31249622,2021-01-13 11:00:40,Chemtrails over the country club,free,2565,271,183,https://www.slowboring.com/p/chemtrails-over-the-country-club,Matthew Yglesias
31358451,2021-01-15 11:00:06,White riot?,paid,1972,412,310,https://www.slowboring.com/p/white-riot,Matthew Yglesias
31492838,2021-01-18 11:00:52,"Martin Luther King, Jr.'s final unfinished struggle",free,717,107,123,https://www.slowboring.com/p/martin-luther-king-jrs-final-unfinished,Matthew Yglesias
31499698,2021-01-14 22:21:49,Meet the American Rescue Act,free,1151,147,88,https://www.slowboring.com/p/meet-the-american-rescue-act,Matthew Yglesias
31559767,2021-01-20 11:00:54,The case for vaccine challenge trials,free,3080,256,94,https://www.slowboring.com/p/the-case-for-vaccine-challenge-trials,Matthew Yglesias
31593691,2021-01-16 21:22:20,How Joe Biden's team hopes to turn five vaccine doses into six,free,457,73,69,https://www.slowboring.com/p/dead-space,Matthew Yglesias
31707412,2021-01-21 11:00:37,What happens next ,paid,2363,337,160,https://www.slowboring.com/p/what-happens-next,Matthew Yglesias
31744223,2021-01-23 17:00:52,"Lawyer-brain, NECTAs, marriage penalties, and the trouble with normal",paid,1256,259,175,https://www.slowboring.com/p/lawyer-brain-nectas-marriage-penalties,Matthew Yglesias
31754871,2021-01-22 11:01:01,Raise the minimum wage,paid,2367,337,158,https://www.slowboring.com/p/raise-the-minimum-wage,Matthew Yglesias
31771252,2021-01-25 11:00:58,"Fixing the police will take more funding, not less",free,3481,397,157,https://www.slowboring.com/p/fixing-the-police-will-take-more,Matthew Yglesias
31814728,2021-01-26 11:00:30,You can't blame bad leaders for everything,paid,3756,391,146,https://www.slowboring.com/p/you-cant-blame-bad-leaders-for-everything,Matthew Yglesias
31867708,2021-01-27 11:00:47,The “induced demand“ case against YIMBYism is wrong,free,2767,265,166,https://www.slowboring.com/p/induced-demand,Matthew Yglesias
31913564,2021-01-29 11:00:56,The future of the superstar city ,free,2156,289,177,https://www.slowboring.com/p/superstar-cities,Matthew Yglesias
31923778,2021-01-28 11:00:41,"The ""cancel culture"" debate is dumb",paid,1702,501,370,https://www.slowboring.com/p/cancel-culture,Matthew Yglesias
31938867,2021-02-01 11:00:45,The normie case for filibuster reform,free,2886,472,150,https://www.slowboring.com/p/filibuster,Matthew Yglesias
31995237,2021-01-30 11:42:12,"Vaccines are better than you think — plus Robinhood, schools, and hurricanes",paid,1411,311,126,https://www.slowboring.com/p/good-vaccines,Matthew Yglesias
32070635,2021-02-02 11:01:01,Why don't we have more vaccines?,paid,1881,277,214,https://www.slowboring.com/p/vaccine-production,Matthew Yglesias
32083147,2021-02-03 11:00:57,The real case for universal programs ,paid,2725,188,91,https://www.slowboring.com/p/means-test,Matthew Yglesias
32104296,2021-02-04 11:00:38,Hard money is a terrible way to fight the racial wealth gap,paid,1465,194,130,https://www.slowboring.com/p/fed-racial-wealth-gap,Matthew Yglesias
32132668,2021-02-05 11:00:18,"QAnon is not a ""conspiracy theory""",free,2791,388,169,https://www.slowboring.com/p/qanon-is-not-a-conspiracy-theory,Matthew Yglesias
32193481,2021-02-16 11:00:57,Approve the AstraZeneca vaccine!,free,2331,184,165,https://www.slowboring.com/p/astra-zeneca,Matthew Yglesias
32225523,2021-02-06 14:00:20,"Biden's anti-mobilization and big stimulus, Romney's child allowance",paid,1282,209,98,https://www.slowboring.com/p/biden-popularity,Matthew Yglesias
32246948,2021-02-09 11:00:44,The $1.9 trillion relief plan is not too big,free,3725,158,80,https://www.slowboring.com/p/full-employment,Matthew Yglesias
32299644,2021-02-08 11:00:22,You can't have progress without change,paid,2027,180,178,https://www.slowboring.com/p/maya-wiley,Matthew Yglesias
32327195,2021-02-10 11:00:59,Mitt Romney's child allowance plan is pretty exciting,free,3678,172,88,https://www.slowboring.com/p/mitt-romneys-child-allowance-plan,Matthew Yglesias
32339536,2021-02-15 11:00:45,The myth of the Overton Window,free,2972,359,222,https://www.slowboring.com/p/the-myth-of-the-overton-window,Matthew Yglesias
32380811,2021-02-11 11:00:13,A better criticism of Biden's COVID-19 relief plan,free,1775,55,46,https://www.slowboring.com/p/relief-multiplier,Matthew Yglesias
32416888,2021-02-12 11:00:28,The misguided exam school debate ,free,1938,380,177,https://www.slowboring.com/p/the-misguided-exam-school-debate,Matthew Yglesias
32452765,2021-02-13 14:00:25,Weekend update: February 13,paid,1128,196,93,https://www.slowboring.com/p/weekend-update-february-13,Matthew Yglesias
32491521,2021-02-17 11:00:29,Is asymmetrical polarization real?,free,3020,383,156,https://www.slowboring.com/p/is-asymmetrical-polarization-real,Matthew Yglesias
32517388,2021-02-14 04:17:17,In defense of interesting writing on controversial topics,free,3868,474,289,https://www.slowboring.com/p/slate-star-codex,Matthew Yglesias
32606158,2021-02-20 14:00:46,Stop marketing race-blind policies as racial equity initiatives,free,2109,253,150,https://www.slowboring.com/p/race-blind-policies-racial-equity,Marc Novicoff
32608857,2021-02-18 11:00:09,Elite colleges should fight for social justice by helping to educate poor kids,paid,2331,371,182,https://www.slowboring.com/p/fancy-colleges,Matthew Yglesias
32639465,2021-02-19 11:00:58,Built Back Better by cleaning up the lead,free,2096,219,129,https://www.slowboring.com/p/lead-poisoning,Matthew Yglesias
32681123,2021-02-22 11:00:49,The case for student debt relief is getting weaker,paid,1840,275,146,https://www.slowboring.com/p/student-loans,Matthew Yglesias
32687718,2021-02-21 14:00:30,Sunday quick takes,paid,967,181,121,https://www.slowboring.com/p/sunday-quick-takes,Matthew Yglesias
32719935,2021-02-24 11:01:50,The Fed should give everyone a bank account,free,2306,245,154,https://www.slowboring.com/p/fed-accounts,Matthew Yglesias
32732742,2021-04-10 13:00:15,It's time to get real about climate change and immigration in Central America,free,1414,77,56,https://www.slowboring.com/p/its-time-to-get-real-about-climate,Claire Cantrell
32760649,2021-02-23 11:00:47,"""Back to normal"" isn't a thing",paid,2764,256,132,https://www.slowboring.com/p/back-to-normal,Matthew Yglesias
32803727,2021-02-26 11:00:27,Back to normal means ignoring the CDC,paid,2144,255,183,https://www.slowboring.com/p/cdc-normal,Matthew Yglesias
32818531,2021-02-25 11:00:59,Neera Tanden and the era of bad faith,paid,2271,213,114,https://www.slowboring.com/p/neera-tanden,Matthew Yglesias
32872379,2021-03-01 11:00:08,The tragedy of the lost school year,free,2975,214,115,https://www.slowboring.com/p/school-closure,Matthew Yglesias
32945630,2021-02-27 11:00:57,"Weekend Update, February 27",paid,580,232,77,https://www.slowboring.com/p/weekend-update-february-27,Matthew Yglesias
33073895,2021-03-02 11:00:53,Learning from the Covid economy,paid,2618,86,132,https://www.slowboring.com/p/covid-economy,Matthew Yglesias
33112723,2021-03-04 11:00:27,What can we do about vaccine hesitancy?,paid,3818,193,82,https://www.slowboring.com/p/vaccine-hesitancy,Matthew Yglesias
33117945,2021-03-03 11:00:32,Democrats should try harder to win elections,paid,3773,442,242,https://www.slowboring.com/p/win-elections,Matthew Yglesias
33181330,2021-03-09 11:00:09,"Oh, the intellectual property rights you'll extend",free,4349,236,95,https://www.slowboring.com/p/dr-seuss-ip,Matthew Yglesias
33205193,2021-03-05 11:00:17,Covid: Year One,paid,2228,247,153,https://www.slowboring.com/p/covid-year-one,Matthew Yglesias
33225505,2021-03-08 11:00:55,"The case for Bernie Sanders, revisited",paid,2505,375,137,https://www.slowboring.com/p/bernie-sanders,Matthew Yglesias
33310644,2021-03-06 14:00:55,Weekend Update: March 6,paid,897,176,120,https://www.slowboring.com/p/weekend-update-march-6,Matthew Yglesias
33385334,2021-03-10 11:00:05,Consider the wealth tax,paid,3355,456,112,https://www.slowboring.com/p/wealth-tax,Matthew Yglesias
33419617,2021-03-11 11:00:20,The coming (mild) inflation,paid,2313,162,79,https://www.slowboring.com/p/inflation-coming,Matthew Yglesias
33527887,2021-03-12 11:01:00,Wealth isn't what matters,free,2262,164,149,https://www.slowboring.com/p/wealth-weirdness,Matthew Yglesias
33561876,2021-03-15 10:00:53,How to pay for infrastructure ,paid,1852,235,98,https://www.slowboring.com/p/infrastructure-offset,Matthew Yglesias
33619836,2021-03-13 14:05:12,"Weekend Update, March 13",paid,1552,211,101,https://www.slowboring.com/p/weekend-update-march-13,Matthew Yglesias
33621408,2021-03-16 10:00:34,Meritocracy is bad,free,3142,436,260,https://www.slowboring.com/p/meritocracy-is-bad,Matthew Yglesias
33623824,2021-03-18 10:00:40,Repealing the estate tax is dumb,paid,2954,224,43,https://www.slowboring.com/p/repealing-the-estate-tax-is-dumb,Matthew Yglesias
33700824,2021-03-17 10:00:55,Vaccinating the global poor is really important,paid,2269,134,101,https://www.slowboring.com/p/global-poor-vaccine,Matthew Yglesias
33723873,2021-03-19 10:00:44,Joe Biden and the underrated value of winning elections,paid,2413,111,96,https://www.slowboring.com/p/joe-biden-and-the-underrated-value,Matthew Yglesias
33852109,2021-03-20 13:00:01,"Weekend update, March 20",paid,1082,420,128,https://www.slowboring.com/p/weekend-update-march-20,Matthew Yglesias
33880097,2021-03-22 10:00:23,Taking the murder surge seriously,free,2245,261,199,https://www.slowboring.com/p/murder-surge,Matthew Yglesias
33907831,2021-03-25 10:01:00,Critical Race Theory and its enemies,free,3091,429,248,https://www.slowboring.com/p/critical-race-theory,Matthew Yglesias
34039930,2021-03-23 10:00:39,How to make the bus better,free,3434,207,130,https://www.slowboring.com/p/bus-best-practice,Matthew Yglesias
34138201,2021-04-11 13:00:18,Building a better welfare state,free,2860,116,58,https://www.slowboring.com/p/building-a-better-welfare-state,Marc Novicoff
34139213,2021-03-24 10:00:26,America needs clearer goals on migration,free,2585,465,97,https://www.slowboring.com/p/america-needs-clearer-goals-on-migration,Matthew Yglesias
34189082,2021-03-29 10:00:53,"""Asset price inflation"" is not a thing",free,1798,271,75,https://www.slowboring.com/p/asset-price-inflation-is-not-a-thing,Matthew Yglesias
34274481,2021-03-26 10:00:54,The coming Unemployment Insurance bottleneck,paid,2005,144,90,https://www.slowboring.com/p/the-coming-unemployment-insurance,Matthew Yglesias
34346394,2021-03-27 13:00:49,"Weekend Update, March 27",paid,1506,248,126,https://www.slowboring.com/p/weekend-update-march-27,Matthew Yglesias
34407144,2021-03-30 10:00:05,Homelessness and vacant houses,free,1807,317,174,https://www.slowboring.com/p/homelessness-and-vacant-houses,Matthew Yglesias
34495712,2021-03-31 10:00:41,The case for NGDP targeting,paid,1634,94,91,https://www.slowboring.com/p/the-case-for-ngdp-targeting,Matthew Yglesias
34505451,2021-04-01 10:00:30,Did the Democratic Majority emerge after all?,paid,2016,209,98,https://www.slowboring.com/p/did-the-democratic-majority-emerge,Matthew Yglesias
34532548,2021-04-09 10:00:27,Andrew Yang versus the unrepresentative activists,paid,2625,522,220,https://www.slowboring.com/p/yang-gang,Matthew Yglesias
34560988,2021-04-05 10:00:54,America is rapidly secularizing,paid,1442,178,135,https://www.slowboring.com/p/secularizing-trend,Matthew Yglesias
34598585,2021-04-02 10:01:00,Joe Biden's next big plan,paid,2423,257,93,https://www.slowboring.com/p/joe-bidens-next-big-plan,Matthew Yglesias
34656950,2021-04-03 13:00:55,"Weekend Update, April 3 ",paid,1161,139,108,https://www.slowboring.com/p/weekend-update-april-3,Matthew Yglesias
34726651,2021-04-06 10:00:35,The stakes in Georgia's election changes,paid,2484,305,130,https://www.slowboring.com/p/georgia-election,Matthew Yglesias
34795251,2021-04-07 10:00:51,"America's ""crumbling"" roads and bridges are fine",free,2622,217,97,https://www.slowboring.com/p/roads-and-bridges,Matthew Yglesias
34805898,2021-04-08 10:00:23,Joe Biden and the care economy,paid,1755,136,77,https://www.slowboring.com/p/joe-biden-and-the-care-economy,Matthew Yglesias
34878921,2021-04-12 10:00:13,More incarceration is not the answer,free,3427,326,142,https://www.slowboring.com/p/mass-incarceration,Matthew Yglesias
34958079,2021-04-14 10:00:46,Moderate Democrats should be popularists ,free,2647,164,119,https://www.slowboring.com/p/moderate-democrats-should-be-popularists,Matthew Yglesias
35023354,2021-04-13 10:00:37,HR 1 is kind of half-baked,free,3273,190,79,https://www.slowboring.com/p/hr1,Matthew Yglesias
35068697,2021-04-15 10:00:17,Fix the lead pipes,free,2595,85,99,https://www.slowboring.com/p/lead-pipes,Matthew Yglesias
35158309,2021-04-16 10:00:27,Should we expand the House?,paid,2656,161,70,https://www.slowboring.com/p/expand-house,Matthew Yglesias
35192912,2021-04-17 13:00:27,"Weekend Update, April 17 ",paid,1019,167,106,https://www.slowboring.com/p/weekend-update-april-17,Matthew Yglesias
35234508,2021-04-20 10:00:17,Fund the tax police,free,1604,88,118,https://www.slowboring.com/p/irs-budget,Matthew Yglesias
35242118,2021-04-19 10:00:59,Leaving the ESPN Zone of Empires,paid,3085,307,155,https://www.slowboring.com/p/leaving-the-espn-zone-of-empires,Matthew Yglesias
35331456,2021-04-21 10:00:54,What to make of the labor shortage talk ,paid,2811,137,90,https://www.slowboring.com/p/fpuc-bonus,Matthew Yglesias
35378482,2021-04-22 10:00:06,Who is the racial justice case for zoning reform for?,free,3394,330,104,https://www.slowboring.com/p/race-and-zoning,Matthew Yglesias
35401484,2021-04-23 10:00:59,South Korea and America's incredibly stupid Covid debate ,paid,1976,439,231,https://www.slowboring.com/p/south-korea-and-americas-incredibly,Matthew Yglesias
35481514,2021-04-24 13:00:11,"Weekend Update, April 24",paid,1107,151,128,https://www.slowboring.com/p/weekend-update-april-24,Matthew Yglesias
35485569,2021-04-26 10:00:30,The rise of self-made billionaires and the fall of economic dynamism ,paid,3035,267,110,https://www.slowboring.com/p/the-rise-of-self-made-billionaires,Matthew Yglesias
35565119,2021-04-28 10:00:09,Remote work is underrated ,paid,1470,159,112,https://www.slowboring.com/p/remote-work,Matthew Yglesias
35574511,2021-04-27 10:00:09,Joe Biden gets ready to soak the rich ,paid,2718,171,125,https://www.slowboring.com/p/joe-biden-gets-ready-to-soak-the,Matthew Yglesias
35640356,2021-04-29 10:00:11,"If you want to talk about racism, talk about racism",free,3230,366,146,https://www.slowboring.com/p/english-kalla,Matthew Yglesias
35707392,2021-04-28 09:00:02,What's in Biden's American Families Plan,paid,1090,43,60,https://www.slowboring.com/p/families-plan,Matthew Yglesias
35728483,2021-05-04 10:00:56,"Some thoughts on ""faculty lounge politics""",paid,3512,426,173,https://www.slowboring.com/p/faculty-lounge,Matthew Yglesias
35736024,2021-04-30 10:00:15,The case against coupon government,free,1719,221,84,https://www.slowboring.com/p/the-case-against-coupon-government,Matthew Yglesias
35775832,2021-05-03 10:01:00,Assessing the different family benefit programs,free,2395,69,56,https://www.slowboring.com/p/family-benefit,Matthew Yglesias
35841942,2021-05-05 10:01:00,Conservative populists should embrace housing deregulation,free,2455,228,114,https://www.slowboring.com/p/populists-housing,Matthew Yglesias
35971137,2021-05-06 10:00:58,Is inflation coming?,paid,2324,144,99,https://www.slowboring.com/p/inflation-worries,Matthew Yglesias
36036186,2021-05-07 10:00:52,We should get people vaccinated against Covid-19,paid,2110,179,144,https://www.slowboring.com/p/we-should-get-people-vaccinated-against,Matthew Yglesias
36068169,2021-05-08 10:00:15,"Weekend Update, May 8",paid,1046,270,108,https://www.slowboring.com/p/weekend-update-may-8,Matthew Yglesias
36110503,2021-05-10 10:00:32,"Tema Okun's ""White Supremacy Culture"" work is bad",free,2587,381,379,https://www.slowboring.com/p/tema-okun,Matthew Yglesias
36158790,2021-05-11 10:00:07,Most people have been wearing hard pants all year,free,2632,263,157,https://www.slowboring.com/p/most-people-have-been-wearing-hard,Matthew Yglesias
36203851,2021-05-12 10:00:09,Don't underreact to one bad jobs report,paid,3542,159,94,https://www.slowboring.com/p/job-report,Matthew Yglesias
36270312,2021-05-13 10:00:18,The biggest threat to American democracy is it doesn't exist,free,2444,484,184,https://www.slowboring.com/p/american-democracy,Matthew Yglesias
36315083,2021-05-29 14:00:08,It's time to take Andrew Yang's policy ideas seriously,free,2481,110,81,https://www.slowboring.com/p/yang-policy,Marc Novicoff
36340664,2021-05-14 10:00:08,Women can win elections,paid,2669,401,122,https://www.slowboring.com/p/women-electable,Matthew Yglesias
36374925,2021-05-17 10:00:27,Homelessness is about housing,free,2850,249,138,https://www.slowboring.com/p/homelessness-housing,Matthew Yglesias
36414669,2021-05-18 10:00:50,We should have done more bailouts,free,2598,85,51,https://www.slowboring.com/p/bailouts,Matthew Yglesias
36480369,2021-05-19 10:00:26,Seventeen points on Israel and Palestine,paid,1554,480,202,https://www.slowboring.com/p/israel,Matthew Yglesias
36527916,2021-05-20 10:00:21,Make the Endless Frontier Act great again,free,3275,119,59,https://www.slowboring.com/p/make-the-endless-frontier-act-great,Matthew Yglesias
36559376,2021-05-21 10:00:48,The anti-SAT push is misguided ,paid,3202,334,238,https://www.slowboring.com/p/sat-california,Matthew Yglesias
36641597,2021-05-24 10:00:26,The case for higher alcohol taxes,paid,1917,257,151,https://www.slowboring.com/p/booze-tax,Matthew Yglesias
36745286,2021-05-25 10:00:04,"What comes after the ""defund"" fad?",paid,2204,410,172,https://www.slowboring.com/p/what-comes-after-the-defund-fad,Matthew Yglesias
36778380,2021-05-26 10:00:13,The media's lab leak fiasco,free,4265,500,173,https://www.slowboring.com/p/the-medias-lab-leak-fiasco,Matthew Yglesias
36790995,2021-05-27 10:00:59,What is historic preservation for?,paid,2130,303,164,https://www.slowboring.com/p/historic-preservation,Matthew Yglesias
36843889,2021-05-28 10:01:01,Free markets are creating a major free speech problem ,free,3720,329,189,https://www.slowboring.com/p/china-speech,Matthew Yglesias
36906625,2021-06-01 10:00:12,Criticizing China isn't racist ,free,2342,329,156,https://www.slowboring.com/p/china-racist,Matthew Yglesias
36964454,2021-05-31 13:00:07,Big Mac-ghazi ,free,819,197,136,https://www.slowboring.com/p/big-mac,Matthew Yglesias
37050919,2021-06-02 10:00:27,What market does Amazon monopolize?,free,2729,243,168,https://www.slowboring.com/p/what-market-does-amazon-monopolize,Matthew Yglesias
37075486,2021-06-03 10:00:02,The experts underrate full employment,free,3109,186,150,https://www.slowboring.com/p/underrating-full-employment,Matthew Yglesias
37095438,2021-06-04 10:00:09,Obama won downscale white people’s votes by pandering to their views,free,2779,531,250,https://www.slowboring.com/p/obama-pander,Matthew Yglesias
37135025,2021-06-07 10:00:18,The case for parking reform ,free,2664,203,111,https://www.slowboring.com/p/the-case-for-parking-reform,Matthew Yglesias
37186799,2021-06-05 13:00:30,"Weekend Update, June 5",paid,851,107,22,https://www.slowboring.com/p/weekend-update-june-5,Matthew Yglesias
37207186,2021-06-08 10:00:29,All news is bad news ,free,2033,167,181,https://www.slowboring.com/p/media-negativity,Matthew Yglesias
37283393,2021-06-09 10:00:56,Does supersonic transport have a future?,paid,3497,289,135,https://www.slowboring.com/p/supersonic,Matthew Yglesias
37317231,2021-06-12 16:00:17,Farewell from Marc the Intern (feat. Greatest Hits and Two Quick Takes),free,2522,95,134,https://www.slowboring.com/p/farewell-from-marc-the-intern,Marc Novicoff
37362427,2021-06-10 10:00:11,The fight for democracy is bigger than HR-1,paid,2670,342,130,https://www.slowboring.com/p/the-fight-for-democracy-is-bigger,Matthew Yglesias
37391492,2021-06-11 10:00:32,There are a lot of poor white people in America,paid,2645,327,181,https://www.slowboring.com/p/welfare-state-equity,Matthew Yglesias
37443861,2021-06-14 10:00:08,Why we got more inflation than I expected,free,3550,110,142,https://www.slowboring.com/p/inflation-georgia-checks,Matthew Yglesias
37486827,2021-06-30 10:00:45,What's the matter with Stephen Breyer (and Merrick Garland)?,free,2158,336,138,https://www.slowboring.com/p/whats-the-matter-with-stephen-breyer,Matthew Yglesias
37489725,2021-06-15 10:00:56,Something really good is happening next month,free,2536,188,89,https://www.slowboring.com/p/something-really-good-is-happening,Matthew Yglesias
37513989,2021-06-16 10:00:59,Apple's App Store policies are a big mistake,paid,4134,276,98,https://www.slowboring.com/p/app-store,Matthew Yglesias
37602910,2021-06-17 10:00:59,In defense of Rochelle Walensky,free,2795,388,145,https://www.slowboring.com/p/rochelle-wolensky,Matthew Yglesias
37621689,2021-06-21 10:00:10,The rise and importance of Secret Congress,free,2060,290,155,https://www.slowboring.com/p/the-rise-and-importance-of-secret,"Simon Bazelon, Matthew Yglesias"
37683483,2021-06-18 10:00:02,“Future“ and the future of media,paid,2315,192,121,https://www.slowboring.com/p/future-media,Matthew Yglesias
37783952,2021-06-23 10:00:05,The case for tall buildings,paid,1976,146,143,https://www.slowboring.com/p/tall-buildings,Matthew Yglesias
37840867,2021-06-22 11:00:21,The Machine Man,free,932,65,58,https://www.slowboring.com/p/eric-adams,David Schleicher
37846642,2021-06-22 10:00:12,Tuesday takes special,paid,1246,158,82,https://www.slowboring.com/p/cdc-experts-expertism,Matthew Yglesias
37860233,2021-06-21 21:00:17,Introducing Slow Boring Audio,paid,258,39,66,https://www.slowboring.com/p/introducing-slow-boring-audio,Matthew Yglesias
37860687,2021-06-24 10:00:18,We should try to make good trains,paid,2182,165,128,https://www.slowboring.com/p/good-trains,Matthew Yglesias
37905476,2021-06-25 10:00:58,The Biden economy is good!,paid,1309,147,104,https://www.slowboring.com/p/biden-economy,Matthew Yglesias
37935686,2021-06-28 10:00:12,What if… ,paid,2120,177,106,https://www.slowboring.com/p/what-if,Matthew Yglesias
38021094,2021-06-25 13:23:35,Thirteen ways of looking at a bipartisan infrastructure deal,free,1011,98,65,https://www.slowboring.com/p/infrastructure-deal,Matthew Yglesias
38102501,2021-06-29 10:00:26,Conservatives can't win the history wars,free,2935,540,164,https://www.slowboring.com/p/conservatives-cant-win-the-history,Matthew Yglesias
38120969,2021-07-01 10:00:17,When experts go astray ,paid,2742,227,185,https://www.slowboring.com/p/experts-astray,Matthew Yglesias
38223101,2021-07-02 10:00:15,Moynihan Train Hall and our infrastructure problem,free,3002,265,169,https://www.slowboring.com/p/moynihan-station,Matthew Yglesias
38235209,2021-07-09 10:00:51,Maine should capture the remote work opportunity ,free,2633,107,82,https://www.slowboring.com/p/maine-remote,Matthew Yglesias
38260421,2021-07-06 10:01:14,Popularism for moderates: The case of the carbon tax,free,1676,120,103,https://www.slowboring.com/p/carbon-tax,Matthew Yglesias
38348118,2021-07-07 10:00:18,The known unknowns of our hot button debates,free,2272,231,143,https://www.slowboring.com/p/the-known-unknowns-of-our-hot-button,Matthew Yglesias
38366395,2021-07-08 10:00:55,Martin Luther King called for radical redistribution of material resources,free,2573,319,140,https://www.slowboring.com/p/martin-luther-king-called-for-radical,Matthew Yglesias
38521728,2021-07-12 10:00:08,What is the climate left doing? ,free,2991,382,249,https://www.slowboring.com/p/climate-left,Matthew Yglesias
38538877,2021-07-13 13:00:14,Slow Boring seeks researcher ,free,573,24,35,https://www.slowboring.com/p/slow-boring-seeks-researcher,Matthew Yglesias
38568767,2021-07-13 10:00:28,Unleash the trailers ,free,2558,229,118,https://www.slowboring.com/p/trailer-regulation,Matthew Yglesias
38599439,2021-07-14 10:00:02,America needs more interregional electric lines ,free,1538,97,98,https://www.slowboring.com/p/america-needs-more-interregional,Matthew Yglesias
38685806,2021-07-15 11:00:16,Here are some ways to change things,free,1661,238,200,https://www.slowboring.com/p/change-not-activism,Matthew Yglesias
38707895,2021-07-16 10:00:53,The case for banning non-competes,free,2372,134,94,https://www.slowboring.com/p/the-case-for-banning-non-competes,Matthew Yglesias
38745208,2021-07-15 10:00:01,"Challenge accepted, asshole",free,2198,106,160,https://www.slowboring.com/p/challenge-accepted-asshole,Jeff Maurer
38843718,2021-07-20 10:00:06,Let's get more people vaccinated ,free,2680,256,142,https://www.slowboring.com/p/vaccine-fda-approve,Matthew Yglesias
38861337,2021-07-19 10:00:14,The expanded Child Tax Credit won't kill work,free,1657,203,102,https://www.slowboring.com/p/cic-work,Matthew Yglesias
38911753,2021-07-22 10:00:30,"What does the ""new Cold War"" with China even mean?",paid,2459,208,95,https://www.slowboring.com/p/cold-war-china,Matthew Yglesias
38961287,2021-07-21 10:01:19,"In defense of the old-fashioned idea of ""racism""",free,1928,320,198,https://www.slowboring.com/p/racism-kendi,Matthew Yglesias
39031370,2021-07-23 10:01:01,The FDA vs. cost-benefit analysis ,free,3053,211,99,https://www.slowboring.com/p/fda-cost-benefit,Matthew Yglesias
39070202,2021-07-29 10:00:49,The future of the supermarket ,free,1976,328,158,https://www.slowboring.com/p/supermarket-future,Matthew Yglesias
39090718,2021-07-26 10:00:43,There are too many scams in higher education ,free,2279,230,224,https://www.slowboring.com/p/there-are-too-many-scams-in-higher,Matthew Yglesias
39132207,2021-07-28 10:00:04,Kamala Harris should try to be really popular,free,3389,487,224,https://www.slowboring.com/p/kamala-harris-should-try-to-be-really,Matthew Yglesias
39198875,2021-07-27 10:01:02,The economic case for pro-natalism,free,1506,434,127,https://www.slowboring.com/p/the-economic-case-for-pro-natalism,Matthew Yglesias
39277028,2021-07-30 10:00:15,To means-test or not to means-test ,free,2601,68,56,https://www.slowboring.com/p/means-test-when,Matthew Yglesias
39401906,2021-08-02 10:00:30,Why has Biden's bipartisanship worked?,paid,2011,81,118,https://www.slowboring.com/p/biden-bipartisan,Matthew Yglesias
39438399,2021-08-03 10:00:09,Amtrak should bring in foreign experts to make trains great again,free,2084,241,137,https://www.slowboring.com/p/amtrak-should-bring-in-foreign-experts,Matthew Yglesias
39501472,2021-08-04 10:00:09,It's good to act before the emergency,free,2346,189,119,https://www.slowboring.com/p/emergency-action,Matthew Yglesias
39521210,2021-08-05 10:00:47,"Single-family houses are great, single-family zoning is not",paid,2381,354,134,https://www.slowboring.com/p/houses-not-zoning,Matthew Yglesias
39567255,2021-08-06 10:00:39,Hungarian nationalism is not the answer ,free,2322,432,208,https://www.slowboring.com/p/hungarian-nationalism-is-not-the,Matthew Yglesias
39652693,2021-08-09 10:00:33,The once and future politics of the national debt ,paid,2245,225,106,https://www.slowboring.com/p/debt-politics,Matthew Yglesias
39691221,2021-08-10 10:01:12,Saving openness to immigration,free,3019,327,133,https://www.slowboring.com/p/immigration-openness,Matthew Yglesias
39788317,2021-08-11 10:00:18,Why everyone is so crazy,paid,2763,216,185,https://www.slowboring.com/p/why-everyone-is-so-crazy,Matthew Yglesias
39814820,2021-08-12 10:00:01,The case against crisis-mongering,free,3459,431,202,https://www.slowboring.com/p/fake-crisis,Matthew Yglesias
39881555,2021-08-13 10:00:49,Curb inflation by rescinding Trump's tariffs,free,1679,107,85,https://www.slowboring.com/p/tariffs-inflation,Matthew Yglesias
39924073,2021-08-31 10:00:33,A really boring way to solve more serious violent crimes,free,2320,179,148,https://www.slowboring.com/p/a-really-boring-way-to-solve-more,Matthew Yglesias
39976329,2021-08-16 10:00:38,They deliberately put errors in the Census ,free,3296,236,118,https://www.slowboring.com/p/census-privacy,Matthew Yglesias
40013889,2021-08-14 14:12:27,Saturday Thread,paid,6,94,4,https://www.slowboring.com/p/saturday-thread-e2d,Matthew Yglesias
40013897,2021-08-18 10:00:49,Why more Porsches means cheaper Priuses,paid,2166,310,153,https://www.slowboring.com/p/why-more-porsches-means-cheaper-priuses,Matthew Yglesias
40057542,2021-08-17 10:00:40,Biden (and Trump) did the right thing on Afghanistan,free,2102,418,195,https://www.slowboring.com/p/afghan-war,Matthew Yglesias
40101165,2021-08-19 10:00:56,The failure of humanitarian militarism,paid,2112,273,171,https://www.slowboring.com/p/the-failure-of-humanitarian-militarism,Matthew Yglesias
40122162,2021-08-20 10:00:46,Some farewell policy advice for Texas ,free,2332,158,111,https://www.slowboring.com/p/some-farewell-policy-advice-for-texas,Matthew Yglesias
40223294,2021-08-23 10:00:49,Is Cuban healthcare actually good? ,paid,2482,156,151,https://www.slowboring.com/p/is-cuban-healthcare-actually-good,Matthew Yglesias
40269001,2021-08-25 10:00:49,The national security establishment has never cared about Afghanistan,paid,2492,337,168,https://www.slowboring.com/p/the-national-security-establishment,Matthew Yglesias
40304298,2021-08-24 10:00:53,Amtrak's plans for a cash infusion aren't good enough,free,1869,191,120,https://www.slowboring.com/p/amtraks-plans-for-a-cash-infusion,Matthew Yglesias
40369585,2021-08-26 10:00:53,D.C.'s teacher compensation reform is working,free,2048,184,111,https://www.slowboring.com/p/dcs-teacher-compensation-reform-is,Matthew Yglesias
40445033,2021-08-27 10:00:44,America's inflexible public health institutions,free,2583,233,154,https://www.slowboring.com/p/flexible-health,Matthew Yglesias
40505560,2021-08-28 13:00:55,The rapidly shifting Hispanic experience of American criminal justice,free,832,129,125,https://www.slowboring.com/p/hispanic-prison,Keith Humphreys
40561074,2021-08-30 10:00:38,"Biden, Afghanistan, and the perils of ""doing the right thing"" ",paid,2310,263,151,https://www.slowboring.com/p/biden-afghanistan-and-the-perils,Matthew Yglesias
40605148,2021-09-01 10:00:33,More good news about D.C.'s teacher pay reforms,free,1910,72,52,https://www.slowboring.com/p/more-good-news-about-dcs-teacher,Matthew Yglesias
40667497,2021-09-02 10:00:54,Covid-1889 ,free,1923,236,126,https://www.slowboring.com/p/covid-1889,Matthew Yglesias
40717676,2021-09-03 10:00:03,Full employment is the most important thing the Fed can do to fight climate change ,free,2724,168,102,https://www.slowboring.com/p/reappoint-jay-powell,Matthew Yglesias
40811123,2021-09-08 10:00:37,Should the bus be free?,free,1729,166,118,https://www.slowboring.com/p/free-bus,Matthew Yglesias
40815332,2021-09-07 10:00:44,Visa recapture deserves a place in the reconciliation bill ,free,1696,132,68,https://www.slowboring.com/p/visa-recapture,Matthew Yglesias
40859634,2021-09-09 10:00:21,The solution to Joe Manchin's concerns is to ditch the filibuster ,free,1900,286,145,https://www.slowboring.com/p/manchin-filibuster,Matthew Yglesias
40930116,2021-09-20 10:00:03,The hollowing out of Somerville,free,1796,211,168,https://www.slowboring.com/p/the-hollowing-out-of-somerville,Matthew Yglesias
41019553,2021-09-10 10:00:12,Even mild inflation should change how we think about policy ,paid,2658,136,97,https://www.slowboring.com/p/even-mild-inflation-should-change,Matthew Yglesias
41065980,2021-09-14 10:00:48,An underrated way to boost global vaccine supply ,free,2573,148,54,https://www.slowboring.com/p/an-underrated-way-to-boost-global,Matthew Yglesias
41126571,2021-09-13 10:00:01,WMATA's plans for Metro expansion are bad ,paid,1929,147,75,https://www.slowboring.com/p/wmatas-plans-for-metro-expansion,Matthew Yglesias
41191192,2021-09-11 10:55:55,Twenty years later ,free,790,341,109,https://www.slowboring.com/p/twenty-years-later,Matthew Yglesias
41219220,2021-09-15 10:00:48,"Homelessness is about housing, not addiction or mental health  ",free,1470,397,163,https://www.slowboring.com/p/homelessness-is-about-housing-not,Matthew Yglesias
41221238,2021-09-16 10:00:21,The dumbest debt ceiling fight yet ,paid,2414,166,95,https://www.slowboring.com/p/debt-ceiling,Matthew Yglesias
41325034,2021-09-21 10:00:48,The transit projects D.C. needs,paid,1914,71,64,https://www.slowboring.com/p/the-transit-projects-dc-needs,Matthew Yglesias
41366749,2021-09-17 10:00:12,California's recall system is really bad,paid,1873,191,96,https://www.slowboring.com/p/california-recall,Matthew Yglesias
41538326,2021-09-22 10:00:32,The median voter is a 50-something white person who didn't go to college,free,1963,462,180,https://www.slowboring.com/p/the-median-voter-is-a-50-something,Matthew Yglesias
41611441,2021-09-23 10:01:00,The dangerous passivity of the moderate Democrats,paid,1406,337,148,https://www.slowboring.com/p/the-dangerous-passivity-of-the-moderate,Matthew Yglesias
41651022,2021-09-27 10:00:19,Education polarization is only growing ,free,1964,475,184,https://www.slowboring.com/p/education-polarization,Matthew Yglesias
41661400,2021-09-24 10:00:40,Urban/rural polarization is about racial attitudes,free,1248,420,187,https://www.slowboring.com/p/urbanrural-polarization-is-about,Matthew Yglesias
41674868,2021-09-29 10:00:14,"Airbnb is good, actually",paid,1812,303,141,https://www.slowboring.com/p/airbnb-ban,Matthew Yglesias
41717672,2021-10-11 10:00:42,Why state legislatures don't work (and how to fix them),free,2390,98,86,https://www.slowboring.com/p/why-state-legislatures-dont-work,Milan Singh
41819786,2021-09-28 10:00:14,A permanent CTC expansion with a sharper means-test would protect poor kids better and be more popular.,free,1667,227,75,https://www.slowboring.com/p/a-permanent-ctc-expansion-with-a,"Simon Bazelon, David Shor"
41876619,2021-09-30 10:00:48,My favorite Covid counterfactuals,paid,1750,263,95,https://www.slowboring.com/p/my-favorite-covid-counterfactuals,Matthew Yglesias
41890896,2021-10-01 10:00:31,Kyrsten Sinema must be stopped ,free,2307,246,138,https://www.slowboring.com/p/sinema-menace,Matthew Yglesias
41987541,2021-10-02 12:00:26,America's cities need multi-party democracy,free,3045,58,82,https://www.slowboring.com/p/cities-democracy-multiparty,Stan Oklobdzija
42005076,2021-10-04 10:00:23,Progressives' mobilization delusion ,free,1911,301,191,https://www.slowboring.com/p/progressives-mobilization-delusion,Matthew Yglesias
42019701,2021-10-01 11:01:33,Interview with Kathryn Paige Harden ,paid,10778,30,12,https://www.slowboring.com/p/interview-with-kathryn-paige-harden,Matthew Yglesias
42095638,2021-10-05 10:00:21,Is quiet climate policy enough?,free,1868,321,211,https://www.slowboring.com/p/is-quiet-climate-policy-enough,Matthew Yglesias
42166798,2021-10-06 10:00:37,The myth of the urban plague ,free,1417,165,118,https://www.slowboring.com/p/urban-plague,Matthew Yglesias
42216941,2021-10-07 10:00:28,The case for more energy,free,2141,264,226,https://www.slowboring.com/p/energy-abundance,Matthew Yglesias
42254178,2021-10-08 10:00:43,The BIF is a pretty BFD,free,2047,128,111,https://www.slowboring.com/p/the-bif-is-a-pretty-bfd,Matthew Yglesias
42293229,2021-10-12 10:00:11,The nuclear policy America needs ,free,2543,141,198,https://www.slowboring.com/p/the-nuclear-policy-america-needs,Matthew Yglesias
42357605,2021-10-13 10:00:03,The upside of education polarization ,free,1581,305,112,https://www.slowboring.com/p/the-upside-of-education-polarization,Matthew Yglesias
42483229,2021-10-14 10:00:55,Amazon isn’t lowering wages ,free,2017,232,141,https://www.slowboring.com/p/amazon-wages,Matthew Yglesias
42544154,2021-10-15 10:00:22,Economists aren't the problem on climate change ,free,2155,202,130,https://www.slowboring.com/p/economists-arent-the-problem-on-climate,Matthew Yglesias
42593733,2021-10-18 10:00:07,My best case against popularism ,free,2230,243,120,https://www.slowboring.com/p/case-against-popularism,Matthew Yglesias
42642779,2021-10-19 10:00:59,The inflation situation is pretty simple,paid,2079,176,142,https://www.slowboring.com/p/the-inflation-situation-is-pretty,Matthew Yglesias
42751863,2021-10-20 10:00:17,Dave Chappelle and the still-doomed politics of shunning ,free,1866,630,171,https://www.slowboring.com/p/dave-chappelle-and-the-still-doomed,Matthew Yglesias
42771495,2021-10-29 10:00:32,Slow Boring’s second year starts soon,paid,702,220,212,https://www.slowboring.com/p/slow-borings-second-year-starts-soon,Matthew Yglesias
42799609,2021-10-21 10:00:35,When do we wind down the Covid theater? ,free,1872,483,255,https://www.slowboring.com/p/when-do-we-wind-down-the-covid-theater,Matthew Yglesias
42818394,2021-10-25 10:00:02,The progressive mobilization myth is alive and well,paid,1609,317,188,https://www.slowboring.com/p/way-to-win,Matthew Yglesias
42849313,2021-10-22 10:00:34,Cash benefits are the best family policy,free,2527,145,111,https://www.slowboring.com/p/cash-benefits-are-the-best-family,Matthew Yglesias
42994582,2021-10-26 10:00:38,Congressional moderates could make a party of their own  ,paid,2430,169,120,https://www.slowboring.com/p/congressional-moderates-could-make,Matthew Yglesias
43078271,2021-10-27 10:00:42,The politics of abundance,free,2026,265,134,https://www.slowboring.com/p/abundance-scarcity,Matthew Yglesias
43108837,2021-10-28 10:00:13,"What ""transitory"" means and why it matters",paid,2278,134,103,https://www.slowboring.com/p/transitory-inflation,Matthew Yglesias
43195629,2021-11-01 10:00:07,Val Demings wants to catch more murderers,free,1655,298,127,https://www.slowboring.com/p/val-demings-murder,Matthew Yglesias
43217704,2021-11-02 10:00:19,Energy innovation needs more than R&D,free,2212,136,112,https://www.slowboring.com/p/unleash-energy,Matthew Yglesias
43395570,2021-11-03 10:00:26,We need to try harder to prevent the next pandemic ,free,1903,140,95,https://www.slowboring.com/p/we-need-to-try-harder-to-prevent,Matthew Yglesias
43437512,2021-11-04 10:00:07,Automate as much traffic enforcement as possible,free,1178,464,146,https://www.slowboring.com/p/traffic-enforcement,Matthew Yglesias
43462576,2021-11-05 10:00:32,A very important Dune explainer,free,1978,269,127,https://www.slowboring.com/p/dune-explainer,Matthew Yglesias
43489135,2021-11-06 10:00:38,American trains need more than railfan nostalgia ,free,2656,87,79,https://www.slowboring.com/p/amtrak-review,"Eric Goldwyn, Jonathan English"
43503862,2021-11-09 11:00:47,"""Critical Race Theory"" and actual education policy, part two",free,2476,418,175,https://www.slowboring.com/p/crt-school,Matthew Yglesias
43680098,2021-11-10 11:00:46,Paid parental leave should be universal — and actually focused on parents,free,2212,154,103,https://www.slowboring.com/p/paid-parental-leave-should-be-universal,Matthew Yglesias
43694106,2021-11-08 11:00:39,"""Critical Race Theory"" and actual education policy, part one",free,2148,608,278,https://www.slowboring.com/p/critical-race-theory-and-actual-education,Matthew Yglesias
43776715,2021-11-12 11:00:47,European countries have really high taxes,free,2134,446,193,https://www.slowboring.com/p/european-countries-have-really-high,Matthew Yglesias
43822350,2021-11-15 11:00:37,Expanded legal immigration is the ultimate supply side reform ,free,1943,251,104,https://www.slowboring.com/p/inflationary-economy,Matthew Yglesias
43861452,2021-11-11 11:00:33,Happy Veterans’ Day ,paid,30,65,85,https://www.slowboring.com/p/happy-veterans-day,Matthew Yglesias
43937960,2021-11-16 11:00:37,Time to declare victory on stimulating the economy ,paid,2073,201,114,https://www.slowboring.com/p/time-to-declare-victory-on-stimulating,Matthew Yglesias
44069530,2021-11-17 11:00:31,"The AMA's ""Advancing Health Equity"" plan leaves out everything that matters ",paid,2161,295,196,https://www.slowboring.com/p/the-amas-advancing-health-equity,Matthew Yglesias
44116431,2021-11-18 11:00:37,On what matters,free,2485,247,178,https://www.slowboring.com/p/on-what-matters,Matthew Yglesias
44164067,2021-11-19 11:00:03,The real world is nominal ,paid,2570,140,83,https://www.slowboring.com/p/the-real-world-is-nominal,Matthew Yglesias
44244341,2021-11-22 11:00:46,How to be an anti-racist,free,2604,317,173,https://www.slowboring.com/p/how-to-be-an-anti-racist,Matthew Yglesias
44284522,2021-11-29 11:00:30,America should invest in its federal legislature,paid,2533,257,133,https://www.slowboring.com/p/congressional-pay,Matthew Yglesias
44331429,2021-11-26 11:00:37,"The suffering is real, but there is no ""Havana Syndrome""",free,3081,107,132,https://www.slowboring.com/p/the-suffering-is-real-but-there-is,Natalie Shure
44364076,2021-11-25 11:00:33,Giving thanks to Slow Boring members  ,paid,426,87,137,https://www.slowboring.com/p/thanksgiving-2021,Matthew Yglesias
44365270,2021-11-27 11:00:32,What we learned from the Scotland climate summit,free,1825,92,83,https://www.slowboring.com/p/what-we-learned-from-the-scotland,Jeff Maurer
44385797,2021-11-23 11:00:41,We're all doing our own research ,paid,2141,291,177,https://www.slowboring.com/p/were-all-doing-our-own-research,Matthew Yglesias
44411395,2021-11-24 11:00:32,The most important election of our lifetime,free,2487,302,145,https://www.slowboring.com/p/2016-important,Matthew Yglesias
44608127,2021-12-02 11:00:40,A better way to build back better,paid,2000,154,100,https://www.slowboring.com/p/a-better-way-to-build-back-better,Matthew Yglesias
44637943,2021-11-30 11:00:40,Omicron is a reminder of how little we're doing on pandemic prevention,free,2411,135,102,https://www.slowboring.com/p/omicron-prevention,Matthew Yglesias
44701852,2021-12-01 11:00:39,"""Stop and frisk"" was really bad ",free,1583,216,99,https://www.slowboring.com/p/eriic-adams-stop-frisk,Matthew Yglesias
44794053,2021-12-03 11:00:41,Public opinion was very conservative in the 1990s,free,1558,310,95,https://www.slowboring.com/p/public-opinion-was-very-conservative,Matthew Yglesias
44832459,2021-12-06 11:00:43,What is the goal of child care policy?,paid,2225,211,125,https://www.slowboring.com/p/what-is-the-goal-of-child-care-policy,Matthew Yglesias
44867270,2021-12-27 11:00:37,The case for a tax swap,free,1263,162,70,https://www.slowboring.com/p/tax-swap,Milan Singh
44963138,2021-12-07 11:00:51,The CDC's vaccine data is all wrong,free,1814,139,117,https://www.slowboring.com/p/the-cdcs-vaccine-data-is-all-wrong,Matthew Yglesias
45036946,2021-12-08 11:00:40,Our public health agencies should follow the science ,free,2473,143,87,https://www.slowboring.com/p/our-public-health-agencies-should,Matthew Yglesias
45073472,2021-12-10 11:00:50,A boring post about how monetary policy works,free,2768,151,130,https://www.slowboring.com/p/monetary-mechanism,Matthew Yglesias
45091161,2021-12-09 11:00:50,"""Latinx"" is a symptom, not the problem",free,2595,408,151,https://www.slowboring.com/p/latinx,Matthew Yglesias
45221732,2021-12-13 11:00:37,California’s math detracking initiative seems pretty misguided,paid,2104,364,183,https://www.slowboring.com/p/californias-math-detracking-initiative,Matthew Yglesias
45283189,2021-12-11 11:00:32,The case for Medicare Advantage reform,paid,2636,86,61,https://www.slowboring.com/p/medicare-advantage,Rachel Cohen
45304661,2021-12-14 11:00:39,Curtailing labor supply is a terrible way to boost wages,free,2104,153,72,https://www.slowboring.com/p/curtailing-labor-supply-is-a-terrible,Matthew Yglesias
45324667,2021-12-15 11:00:01,The good news on America's cleaner water,paid,1470,84,112,https://www.slowboring.com/p/the-good-news-on-americas-cleaner,Matthew Yglesias
45362144,2021-12-28 11:00:37,"Charles Mills' ""Black Rights, White Wrongs""",free,3213,258,166,https://www.slowboring.com/p/charles-mills-black-wrong-white-rights,Matthew Yglesias
45384490,2021-12-23 11:00:39,Human history in the very long run,free,2706,236,317,https://www.slowboring.com/p/human-history-in-the-very-long-run,Matthew Yglesias
45439251,2021-12-16 11:00:51,Omicron looks pretty scary,paid,2824,437,168,https://www.slowboring.com/p/omicron-update,Matthew Yglesias
45497623,2021-12-29 11:00:42,My favorite movies of 2021,paid,1858,102,99,https://www.slowboring.com/p/my-favorite-movies-of-2021,Matthew Yglesias
45523273,2021-12-17 11:00:38,"The case against ""creating jobs"" ",free,2378,182,103,https://www.slowboring.com/p/job-creation,Matthew Yglesias
45612097,2021-12-21 11:00:46,$1.75 trillion is plenty of money to write a good Build Back Better bill ,free,2394,163,131,https://www.slowboring.com/p/175-trillion-is-plenty-of-money-to,Matthew Yglesias
45612841,2021-12-20 11:00:34,Nobody is acting like they believe the future of democracy is at stake ,free,2145,401,178,https://www.slowboring.com/p/nobody-is-acting-like-they-believe,Matthew Yglesias
45699207,2021-12-22 11:00:48,Don't close schools,free,2037,319,137,https://www.slowboring.com/p/dont-close-schools,Matthew Yglesias
45716094,2021-12-30 11:00:30,Predictions are hard,free,1468,209,198,https://www.slowboring.com/p/predictions-are-hard,Matthew Yglesias
46030715,2022-01-03 11:00:33,The vanishing case for student loan forgiveness,free,3509,296,190,https://www.slowboring.com/p/student-loan-forgiveness,Matthew Yglesias
46047177,2022-01-06 11:00:55,Jamaica and the case for energy abundance,paid,2288,208,113,https://www.slowboring.com/p/jamaica-and-the-case-for-energy-abundance,Matthew Yglesias
46255603,2021-12-31 11:00:39,It's the end of the year as we know it,free,779,111,129,https://www.slowboring.com/p/its-the-end-of-the-year-as-we-know,Matthew Yglesias
46309170,2022-01-05 11:00:35,How I learned to stop worrying and love the Washington/Baltimore/Arlington Combined Statistical Area,free,3006,208,89,https://www.slowboring.com/p/how-i-learned-to-stop-worrying-and,Matthew Yglesias
46339666,2022-01-04 11:00:47,"""Don't Look Up"" and the cinema of existential risk",free,2518,225,144,https://www.slowboring.com/p/dont-look-up,Matthew Yglesias
46630592,2022-01-07 11:00:44,The good news on redistricting isn't that good,paid,2121,308,127,https://www.slowboring.com/p/the-good-news-on-redistricting-isnt,Matthew Yglesias
46701030,2022-01-10 11:00:41,All kinds of bad behavior is on the rise,free,1786,512,182,https://www.slowboring.com/p/all-kinds-of-bad-behavior-is-on-the,Matthew Yglesias
46744436,2022-01-11 11:00:33,Vaccines were becoming partisan before Covid-19,paid,2090,326,145,https://www.slowboring.com/p/vaccines-were-becoming-partisan-before,Matthew Yglesias
46838055,2022-01-12 11:00:45,Is healthy food actually more expensive?,paid,2567,444,163,https://www.slowboring.com/p/healthy-food,Matthew Yglesias
46943642,2022-01-13 11:00:52,"The myth of the ""great resignation""",paid,1416,280,182,https://www.slowboring.com/p/the-myth-of-the-great-resignation,Matthew Yglesias
47017468,2022-01-14 11:00:47,The bad vibes of American political institutions,free,1403,214,122,https://www.slowboring.com/p/the-bad-vibes-of-american-political,Matthew Yglesias
47077335,2022-01-18 11:00:49,Can America get to yes on a new reactor design?,free,1811,237,154,https://www.slowboring.com/p/can-america-get-to-yes-on-a-new-reactor,Matthew Yglesias
47133316,2022-01-17 11:00:37,"Martin Luther King, Jr.'s plan for class struggle",free,620,171,87,https://www.slowboring.com/p/martin-luther-king-jrs-plan-for-class,Matthew Yglesias
47140290,2022-01-15 11:00:39,The case for rapprochement with Russia,free,2018,161,71,https://www.slowboring.com/p/the-case-for-rapprochement-with-russia,Lee Harris
47201646,2022-01-17 22:00:53,Ask me stuff,paid,228,1034,594,https://www.slowboring.com/p/ask-me-stuff,Matthew Yglesias
47275872,2022-01-19 11:00:40,"The false ""trap"" of bipartisanship",free,1801,326,173,https://www.slowboring.com/p/electoral-count-act,Matthew Yglesias
47301886,2022-01-20 11:00:36,Housing policy lessons from the microchip shortage,free,1613,268,202,https://www.slowboring.com/p/housing-policy-lessons-from-the-microchip,Matthew Yglesias
47340895,2022-01-21 11:00:42,Matt's Mailbag — the first one ever ,free,2612,167,112,https://www.slowboring.com/p/matts-mailbag-the-first-one-ever,Matthew Yglesias
47387100,2022-02-05 11:00:35,What anti-Covid policies actually work?,free,3075,301,89,https://www.slowboring.com/p/what-anti-covid-policies-actually,Milan Singh
47420388,2022-01-24 11:00:56,"They have homelessness in Europe, too ",paid,1857,238,173,https://www.slowboring.com/p/they-have-homelessness-in-europe,Matthew Yglesias
47491031,2022-01-25 11:00:38,Chuck Schumer should call the Baileys,free,3931,239,187,https://www.slowboring.com/p/chuck-schumer-should-call-the-baileys,Matthew Yglesias
47565914,2022-01-27 11:00:30,The domestication of people and animals ,free,2095,347,155,https://www.slowboring.com/p/the-domestication-of-people-and-animals,Matthew Yglesias
47628364,2022-01-26 11:00:41,Privacy concerns are breaking the Census ,free,2109,172,86,https://www.slowboring.com/p/census-data,Matthew Yglesias
47648339,2022-01-28 11:00:39,2 Mail 2 Bag,free,2973,146,47,https://www.slowboring.com/p/mailbag-2,Matthew Yglesias
47817166,2022-01-31 11:00:38,What we talk about when we talk about a return to normal,free,2621,670,165,https://www.slowboring.com/p/normal,Matthew Yglesias
47951599,2022-02-01 11:00:35,A tepid take on the bipartisan drive to ban tech self-preferencing,paid,2530,138,90,https://www.slowboring.com/p/a-tepid-take-on-the-bipartisan-drive,Matthew Yglesias
47994408,2022-02-02 11:00:29,What to do after affirmative action,free,2539,360,133,https://www.slowboring.com/p/what-to-do-after-affirmative-action,Matthew Yglesias
48076067,2022-02-03 03:24:26,The past and future of the city ,paid,2066,270,118,https://www.slowboring.com/p/the-past-and-future-of-the-city,Matthew Yglesias
48096690,2022-02-04 11:00:42,Mail:Bag:3,paid,3721,465,95,https://www.slowboring.com/p/mail-bag-3,Matthew Yglesias
48152830,2022-02-07 11:00:38,Let's build back better,free,2265,218,117,https://www.slowboring.com/p/lets-build-back-better,Matthew Yglesias
48220002,2022-02-24 11:00:38,Homeowners should be YIMBYs,free,2674,215,124,https://www.slowboring.com/p/homeowner-nimby,Matthew Yglesias
48296586,2022-02-08 11:00:39,The real story behind last week's jobs report,free,2255,110,56,https://www.slowboring.com/p/the-real-story-behind-last-weeks,Matthew Yglesias
48313805,2022-02-09 11:00:42,Invading Ukraine is a really bad idea,free,2647,261,174,https://www.slowboring.com/p/invading-ukraine-is-a-really-bad,Matthew Yglesias
48318249,2022-02-10 11:00:41,People need to hear the good news about climate change,free,2783,328,210,https://www.slowboring.com/p/people-need-to-hear-the-good-news,Matthew Yglesias
48427324,2022-02-11 11:00:42,Mailbag IV: A New Hope ,paid,3045,219,80,https://www.slowboring.com/p/mailbag-iv-a-new-hope,Matthew Yglesias
48468569,2022-02-14 11:00:41,Democrats' college degree divide,free,1462,366,138,https://www.slowboring.com/p/democrats-college-degree-divide,Matthew Yglesias
48557327,2022-02-23 11:00:56,The case for the Austro-Hungarian Empire,free,2535,162,187,https://www.slowboring.com/p/the-case-for-the-austro-hungarian,Matthew Yglesias
48603804,2022-02-15 11:00:39,"The ""misinformation problem"" seems like misinformation",free,3138,191,221,https://www.slowboring.com/p/misinformation-myth,Matthew Yglesias
48704934,2022-02-16 11:00:39,The opioid crisis is an objectively very difficult problem,free,2569,358,159,https://www.slowboring.com/p/the-opioid-crisis-is-an-objectively,Matthew Yglesias
48771270,2022-02-17 11:00:42,The regrettable death of the Slatepitch ,free,2365,361,178,https://www.slowboring.com/p/slatepitch,Matthew Yglesias
48797501,2022-02-18 11:00:47,The Fifth Mailbag ,paid,2847,230,110,https://www.slowboring.com/p/the-fifth-mailbag,Matthew Yglesias
48889500,2022-03-19 10:00:40,The case against legal gambling,free,2270,253,92,https://www.slowboring.com/p/gambling,Milan Singh
49001746,2022-02-22 11:00:53,Clean air doesn't need explicit racial targeting,paid,1466,243,148,https://www.slowboring.com/p/clean-air-doesnt-need-explicit-racial,Matthew Yglesias
49031868,2022-02-21 11:00:41,Happy Presidents Day,paid,247,100,80,https://www.slowboring.com/p/happy-presidents-day,Matthew Yglesias
49184248,2022-02-25 11:00:54,Vacation mailbag ,paid,3532,148,64,https://www.slowboring.com/p/vacation-mailbag,Matthew Yglesias
49319517,2022-02-28 11:00:45,A good neighbor policy for the 21st Century,free,1972,102,149,https://www.slowboring.com/p/good-neighbor,Matthew Yglesias
49371173,2022-03-01 11:00:41,23 thoughts on the war in Ukraine,free,2044,392,192,https://www.slowboring.com/p/23-thoughts-on-the-war-in-ukraine,Matthew Yglesias
49495257,2022-03-02 11:00:14,Europe needs to take primary responsibility for its own defense,free,2928,188,105,https://www.slowboring.com/p/pivot-to-asia,Matthew Yglesias
49545670,2022-03-03 11:00:37,I’m not convinced by the new lab leak debunking ,paid,2681,267,108,https://www.slowboring.com/p/im-not-convinced-by-the-new-lab-leak,Matthew Yglesias
49586092,2022-03-04 11:00:38,Episode VII: The mailbag awakens,paid,4277,155,71,https://www.slowboring.com/p/episode-vii-the-mailbag-awakens,Matthew Yglesias
49685582,2022-03-07 11:00:36,Joe Biden is right about police funding,paid,2897,255,173,https://www.slowboring.com/p/defund-police-biden,Matthew Yglesias
49698652,2022-03-08 11:00:37,"Taking Putin's ideas seriously (and I guess literally, too)",paid,2907,263,169,https://www.slowboring.com/p/taking-putins-ideas-seriously-and,Matthew Yglesias
49875916,2022-03-10 11:00:43,America needs an actual plan to boost domestic energy,free,2887,139,110,https://www.slowboring.com/p/america-needs-an-actual-plan-to-boost,Matthew Yglesias
49884768,2022-03-09 11:00:32,The Batman and the case for masked vigilantes ,free,2266,74,63,https://www.slowboring.com/p/the-batman-and-the-case-for-masked,Matthew Yglesias
49957000,2022-03-11 11:00:31,New York State of mailbag,free,4193,158,89,https://www.slowboring.com/p/new-york-state-of-mailbag,Matthew Yglesias
50027852,2022-03-14 10:00:33,It's good that people want to support Ukrainian refugees,free,2108,160,110,https://www.slowboring.com/p/ukraine-refugees,Matthew Yglesias
50154475,2022-03-15 10:00:39,What went wrong with Russia in the 1990s,paid,3333,110,145,https://www.slowboring.com/p/russia-1990s,Matthew Yglesias
50312161,2022-03-17 10:00:41,We can do better than a gas tax holiday ,paid,2013,97,87,https://www.slowboring.com/p/we-can-do-better-than-a-gas-tax-holiday,Matthew Yglesias
50313114,2022-03-16 10:00:47,Climate politics for the real world ,free,2353,224,181,https://www.slowboring.com/p/sunrise-movement,Matthew Yglesias
50420977,2022-03-18 10:00:34,Purim/St. Patrick's mailbag ,paid,4819,204,65,https://www.slowboring.com/p/purimst-patricks-mailbag,Matthew Yglesias
50525181,2022-03-21 10:00:32,The Fed should do more to fight inflation,paid,2097,78,75,https://www.slowboring.com/p/the-fed-should-do-more-to-fight-inflation,Matthew Yglesias
50546657,2022-03-23 10:00:42,Playing to win against the attacks on LGBTQ progress,free,1853,265,165,https://www.slowboring.com/p/winnable-lgbt,Matthew Yglesias
50591662,2022-03-22 10:00:34,The housing shortage and what to do about it,paid,1982,161,95,https://www.slowboring.com/p/the-housing-shortage-and-what-to,Matthew Yglesias
50645190,2022-03-24 10:00:37,American poverty is too high for all kinds of people ,free,2038,218,137,https://www.slowboring.com/p/american-poverty-is-too-high-for,Matthew Yglesias
50890967,2022-03-25 10:00:39,Double digit mailbags ,paid,2565,185,97,https://www.slowboring.com/p/double-digit-mailbags,Matthew Yglesias
50907408,2022-03-28 10:00:41,I’m an optimist about higher education ,paid,1657,160,127,https://www.slowboring.com/p/im-an-optimist-about-higher-education,Matthew Yglesias
51043454,2022-03-29 10:00:36,Develop a healthier emotional relationship with Joe Manchin,free,2048,341,229,https://www.slowboring.com/p/joe-manchin,Matthew Yglesias
51046626,2022-03-26 12:00:50,Abortion activists must learn to lose well,paid,1324,169,82,https://www.slowboring.com/p/abortion-activists-must-learn-to,Sasha Issenberg
51122253,2022-03-30 10:00:30,Ukraine and the end of history ,free,3199,155,133,https://www.slowboring.com/p/ukraine-and-the-end-of-history,Matthew Yglesias
51206634,2022-04-04 10:00:43,The bizarre myth that Ancient Greeks couldn't see blue,paid,2503,302,172,https://www.slowboring.com/p/greeks-blue,Matthew Yglesias
51236416,2022-03-31 10:00:34,How natural gas powers renewables,free,1875,206,121,https://www.slowboring.com/p/how-natural-gas-powers-renewables,Matthew Yglesias
51255546,2022-04-01 10:00:41,Best supporting mailbag ,paid,4333,164,110,https://www.slowboring.com/p/best-supporting-mailbag,Matthew Yglesias
51320519,2022-04-14 10:00:38,The American Rescue Plan was too big,free,2093,129,70,https://www.slowboring.com/p/arp-overshoot,Milan Singh
51403483,2022-04-05 10:00:37,What was the popularism debate?,free,1999,236,140,https://www.slowboring.com/p/what-was-the-popularism-debate,Matthew Yglesias
51509642,2022-04-06 10:00:42,We need to find ways to do faster clinical research,free,2301,132,94,https://www.slowboring.com/p/we-need-to-find-ways-to-do-faster,Matthew Yglesias
51595945,2022-04-07 10:00:43,Mancur Olson at the end of history,free,2720,128,112,https://www.slowboring.com/p/mancur-olson-end-of-history,Matthew Yglesias
51621477,2022-04-12 10:00:52,The case for Terminator analogies,free,2811,260,137,https://www.slowboring.com/p/the-case-for-terminator-analogies,Matthew Yglesias
51677020,2022-04-08 10:00:44,Reading Railroad Mailbag ,paid,3289,188,90,https://www.slowboring.com/p/reading-railroad-mailbag,Matthew Yglesias
51850560,2022-04-11 10:00:41,Democrats are sleepwalking into a Senate disaster,free,1179,381,113,https://www.slowboring.com/p/democrats-are-sleepwalking-into-a,Simon Bazelon
51906346,2022-04-13 10:00:39,Do we need a bigger defense budget? ,free,3368,176,110,https://www.slowboring.com/p/do-we-need-a-bigger-defense-budget,Matthew Yglesias
52098549,2022-04-15 10:00:34,Spring break mailbag ,paid,3803,219,80,https://www.slowboring.com/p/spring-break-mailbag,Matthew Yglesias
52218768,2022-04-18 10:00:47,Housing reform shouldn't be a super-polarized partisan issue,free,2326,248,133,https://www.slowboring.com/p/housing-reform-shouldnt-be-a-super,Matthew Yglesias
52275496,2022-04-19 10:11:40,"Rigorous, accurate policy analysis is underrated",free,2115,212,161,https://www.slowboring.com/p/rigorous-accurate-policy-analysis,Matthew Yglesias
52294719,2022-05-14 10:00:31,The problem with flexible average inflation targeting,paid,1959,82,62,https://www.slowboring.com/p/fait-accompli,Milan Singh
52318807,2022-05-02 10:00:48,Overtreatment in American health care is a problem,free,2984,450,195,https://www.slowboring.com/p/overtreatment-in-american-health,Matthew Yglesias
52323997,2022-04-20 10:00:44,The misinformation cope,free,2040,431,203,https://www.slowboring.com/p/misinformation,Matthew Yglesias
52476450,2022-04-21 10:00:53,Data privacy is not the issue with TikTok,free,2255,267,122,https://www.slowboring.com/p/data-privacy-is-not-the-issue-with,Matthew Yglesias
52491210,2022-04-22 10:00:37,A very messy mailbag,paid,4158,300,90,https://www.slowboring.com/p/a-very-messy-mailbag,Matthew Yglesias
52577286,2022-04-25 10:00:29,Donald Trump's re-election is a dire threat to free speech,paid,2440,322,186,https://www.slowboring.com/p/donald-trumps-re-election-is-a-dire,Matthew Yglesias
52767182,2022-04-26 10:00:30,It's time to raise taxes on the rich,paid,2272,218,143,https://www.slowboring.com/p/its-time-to-raise-taxes-on-the-rich,Matthew Yglesias
52816815,2022-04-28 10:00:33,Some boring takes on the French election,free,1807,115,118,https://www.slowboring.com/p/some-boring-takes-on-the-french-election,Matthew Yglesias
52832260,2022-04-27 10:00:53,Twenty-three theses on Elon Musk and Twitter,free,1621,276,178,https://www.slowboring.com/p/twenty-three-theses-on-elon-musk,Matthew Yglesias
52906498,2022-04-29 10:00:39,April mailbag brings May takes,paid,3189,224,98,https://www.slowboring.com/p/april-mailbag-brings-may-takes,Matthew Yglesias
53053394,2022-05-03 10:00:42,Do investor-owned single-family homes cause drug overdoses? ,paid,1928,213,112,https://www.slowboring.com/p/do-investor-owned-single-family-homes,Matthew Yglesias
53251092,2022-05-04 10:00:45,Republicans have changed a lot since 2008,paid,1996,207,135,https://www.slowboring.com/p/republicans-have-changed-a-lot-since,Matthew Yglesias
53260750,2022-05-11 10:00:42,Democrats have changed a lot since 2012,free,2817,228,130,https://www.slowboring.com/p/shifting-left,"Matthew Yglesias, Milan Singh"
53302113,2022-05-05 10:00:43,What the DLC got wrong ,free,1653,151,131,https://www.slowboring.com/p/what-the-dlc-got-wrong,Matthew Yglesias
53313492,2022-05-06 10:00:56,Don't leak the mailbag ,paid,3510,352,83,https://www.slowboring.com/p/dont-leak-the-mailbag,Matthew Yglesias
53612371,2022-05-09 10:00:40,Winning after Roe,free,2089,376,195,https://www.slowboring.com/p/winning-after-roe,Matthew Yglesias
53938535,2022-05-10 10:00:43,Half the population dying and then returning five years later would be a really big deal,paid,1871,148,101,https://www.slowboring.com/p/half-the-population-dying-and-then,Matthew Yglesias
54003982,2022-05-12 10:00:41,Solving problems by letting people do things,paid,2699,146,130,https://www.slowboring.com/p/solving-problems-by-letting-people,Matthew Yglesias
54303445,2022-05-13 10:00:40,Multiverse of Mailbag ,free,3871,267,68,https://www.slowboring.com/p/mailbag-lamb,Matthew Yglesias
54679617,2022-05-16 10:00:50,Greedflation is fake,paid,2224,266,179,https://www.slowboring.com/p/greedflation-is-fake,Matthew Yglesias
54876506,2022-05-17 10:00:43,A straightforward solution to the formula crisis ,free,2047,150,101,https://www.slowboring.com/p/a-straightforward-solution-to-the,Matthew Yglesias
55172787,2022-05-18 10:00:52,Let's use unspent Covid funds to make great next generation vaccines,paid,1867,130,94,https://www.slowboring.com/p/lets-use-unspent-covid-funds-to-make,Matthew Yglesias
55178451,2022-05-24 23:00:36,Slow Boring Book Club: Streets of Gold,paid,424,4,26,https://www.slowboring.com/p/slow-boring-book-club-streets-of-6b6,Kate Crawford
55315571,2022-05-25 10:00:30,Remote work is boosting housing demand and driving inflation,paid,1934,231,108,https://www.slowboring.com/p/remote-work-is-boosting-housing-demand,Matthew Yglesias
55324481,2022-05-19 10:00:43,Words aren't magic,free,2261,199,175,https://www.slowboring.com/p/words-arent-magic,Matthew Yglesias
55471340,2022-05-20 10:00:35,Birthday mailbag,paid,3350,187,71,https://www.slowboring.com/p/birthday-mailbag,Matthew Yglesias
55715489,2022-05-23 10:00:36,Understanding Effective Altruism's move into politics,free,2482,394,155,https://www.slowboring.com/p/understanding-effective-altruisms,Matthew Yglesias
55799999,2022-05-24 10:00:38,Expensive energy is really bad,free,2810,121,145,https://www.slowboring.com/p/expensive-energy-is-really-bad,Matthew Yglesias
56289053,2022-05-27 10:00:39,Memorial Day mailbag ,paid,2958,294,78,https://www.slowboring.com/p/memorial-day-mailbag,Matthew Yglesias
56290221,2022-05-26 10:00:31,Does the Bush-era poverty cure deserve a comeback? ,paid,2942,441,135,https://www.slowboring.com/p/does-the-bush-era-poverty-cure-deserve,Matthew Yglesias
56724202,2022-05-31 10:00:43,We need a new strategy on guns ,paid,2259,651,226,https://www.slowboring.com/p/we-need-a-new-strategy-on-guns,Matthew Yglesias
56809511,2022-06-01 10:00:38,"Sure, don't ""panic"" about monkeypox — but it seems pretty bad ",free,2969,150,108,https://www.slowboring.com/p/sure-dont-panic-about-monkeypox-but,Matthew Yglesias
57340427,2022-06-02 10:00:39,Two cheers for American higher education ,free,2642,336,130,https://www.slowboring.com/p/two-cheers-for-american-higher-education,Matthew Yglesias
57532707,2022-06-06 10:00:19,Russia's war on the world's food supply,free,2079,159,99,https://www.slowboring.com/p/russias-war-on-the-worlds-food-supply,Matthew Yglesias
57548064,2022-06-03 10:00:49,Mailbag: Maverick ,free,2810,213,78,https://www.slowboring.com/p/mailbag-maverick,Matthew Yglesias
57830726,2022-06-07 10:00:23,America spends a lot more on schools than on police ,free,1876,244,97,https://www.slowboring.com/p/america-spends-a-lot-more-on-schools,Matthew Yglesias
58251621,2022-06-08 10:00:23,"When the ""culture war"" was about religion",paid,2312,293,124,https://www.slowboring.com/p/when-the-culture-war-was-about-religion,Matthew Yglesias
58394722,2022-06-09 10:00:25,Is American democracy still doomed?,paid,2493,0,0,https://www.slowboring.com/p/is-american-democracy-still-doomed,Matthew Yglesias
